{
    "StarCraft II": [
        "Random",
        "Protoss",
        "Terran",
        "Zerg"
    ],
    "WarCraft III": [
        "Random",
        "Human",
        "Night Elf",
        "Orc",
        "Undead"
    ],
    "Age of Empires IV": [
        "Random",
        "Abbasid Dynasty",
        "Chinese",
        "Delhi Sultanate",
        "English",
        "French",
        "Holy Roman Empire",
        "Malians",
        "Mongols",
        "Ottomans",
        "Rus"
    ],
    "Age of Empires Online": [
        "Random",
        "Babylonians",
        "Celts",
        "Egyptians",
        "Greeks",
        "Norse",
        "Persians",
        "Romans"
    ],
    "Age of Mythology": [
        "Random",
        "Fu Xi",
        "Gaia",
        "Hades",
        "Isis",
        "Kronos",
        "Loki",
        "Nu Wa",
        "Odin",
        "Oranos",
        "Poseidon",
        "Ra",
        "Set",
        "Shennong",
        "Thor",
        "Zeus"
    ],
    "SpellForce 3": [
        "Random",
        "Dark Elves",
        "Dwarves",
        "Elves",
        "Humans",
        "Orcs",
        "Trolls"
    ],
    "Halo Wars 2": [
        "Random",
        "Anders",
        "Arbiter",
        "Atriox",
        "Colony",
        "Cutter",
        "Decimus",
        "Forge",
        "Isabel",
        "Jerome",
        "Johnson",
        "Kinsano",
        "Pavium",
        "Serina",
        "Shipmaster",
        "Voridus",
        "Yap Yap"
    ]
}