{"StarCraft II": ["Random", "Zerg", "Terran", "Protoss"], "WarCraft III": ["Random", "Human", "Orc", "Night Elf", "Undead"], "Age of Empires IV": ["Random", "Abbasid Dynasty", "Chinese", "Delhi Sultanate", "English", "French", "Holy Roman Empire", "Mongols", "Rus"], "Age of Empires Online": ["Random", "Greeks", "Egyptians", "Celts", "Persians", "Babylonians", "Norse", "Romans"], "Age of Mythology": ["Random", "Zeus", "Poseidon", "Hades", "Isis", "Ra", "Set", "Odin", "Thor", "Loki", "Oranos", "Kronos", "Gaia", "Fu Xi", "Nu Wa", "Shennong"], "SpellForce 3": ["Random", "Humans", "Elves", "Orcs", "Dwarves", "Dark Elves", "Trolls","Undead"], "Halo Wars 2": ["Random", "Anders", "Arbiter", "Atriox", "Colony", "Cutter", "Decimus", "Forge", "Isabel", "Jerome", "Johnson", "Kinsano", "Serina", "Shipmaster", "Pavium", "Voridus", "Yap Yap"],"Company of Heroes 3": ["Random", "Afrikakorps", "US Forces", "Wehrmacht","British Forces"],"Age of MythologyL": ["Random", "Zeus", "Poseidon", "Hades", "Isis", "Ra", "Set", "Odin", "Thor", "Loki", "Oranos", "Kronos", "Gaia", "Fu Xi", "Nu Wa", "Shennong"]}
